flight_id,flight_no,scheduled_departure,scheduled_arrival,departure_airport,departure_airport_name,departure_city,departure_longitude,departure_latitude,departure_timezone,arrival_airport,arrival_airport_name,arrival_city,arrival_longitude,arrival_latitude,arrival_timezone,status,actual_departure,actual_arrival,total_classes,ticket_economy,ticket_comfort,ticket_bisiness,ticket_total,amount_economy,amount_comfort,amount_bisiness,amount_total,aircraft_code,model,range,seat_economy,seat_comfort,seat_bisiness,seat_total,scheduled_duration_minute,actual_duration_minute,departure_delay_minute,delay_arrival_minute
136119,PG0252,2017-01-03T10:05:00Z,2017-01-03T11:45:00Z,AAQ,Anapa Vityazevo Airport,Anapa,37.347301483154,45.002101898193,Europe/Moscow,SVO,Sheremetyevo International Airport,Moscow,37.4146,55.972599,Europe/Moscow,Arrived,2017-01-03T10:08:00Z,2017-01-03T11:49:00Z,2,102,0,11,113,1250400.00,0,402600.00,1653000.00,733,Boeing 737-300,4200,118,0,12,130,100.0,101.0,3.0,4.0
136122,PG0252,2017-01-08T10:05:00Z,2017-01-08T11:45:00Z,AAQ,Anapa Vityazevo Airport,Anapa,37.347301483154,45.002101898193,Europe/Moscow,SVO,Sheremetyevo International Airport,Moscow,37.4146,55.972599,Europe/Moscow,Arrived,2017-01-08T10:08:00Z,2017-01-08T11:48:00Z,2,87,0,10,97,1065000.00,0,366000.00,1431000.00,733,Boeing 737-300,4200,118,0,12,130,100.0,100.0,3.0,3.0
136130,PG0252,2017-02-13T10:05:00Z,2017-02-13T11:45:00Z,AAQ,Anapa Vityazevo Airport,Anapa,37.347301483154,45.002101898193,Europe/Moscow,SVO,Sheremetyevo International Airport,Moscow,37.4146,55.972599,Europe/Moscow,Arrived,2017-02-13T10:07:00Z,2017-02-13T11:46:00Z,2,97,0,10,107,1190600.00,0,366000.00,1556600.00,733,Boeing 737-300,4200,118,0,12,130,100.0,99.0,2.0,1.0
136159,PG0252,2017-01-04T10:05:00Z,2017-01-04T11:45:00Z,AAQ,Anapa Vityazevo Airport,Anapa,37.347301483154,45.002101898193,Europe/Moscow,SVO,Sheremetyevo International Airport,Moscow,37.4146,55.972599,Europe/Moscow,Arrived,2017-01-04T10:07:00Z,2017-01-04T11:45:00Z,2,103,0,12,115,1261400.00,0,439200.00,1700600.00,733,Boeing 737-300,4200,118,0,12,130,100.0,98.0,2.0,0.0
136172,PG0252,2017-01-15T10:05:00Z,2017-01-15T11:45:00Z,AAQ,Anapa Vityazevo Airport,Anapa,37.347301483154,45.002101898193,Europe/Moscow,SVO,Sheremetyevo International Airport,Moscow,37.4146,55.972599,Europe/Moscow,Arrived,2017-01-15T10:05:00Z,2017-01-15T11:44:00Z,2,99,0,11,110,1215000.00,0,402600.00,1617600.00,733,Boeing 737-300,4200,118,0,12,130,100.0,99.0,0.0,-1.0
136181,PG0252,2017-01-31T10:05:00Z,2017-01-31T11:45:00Z,AAQ,Anapa Vityazevo Airport,Anapa,37.347301483154,45.002101898193,Europe/Moscow,SVO,Sheremetyevo International Airport,Moscow,37.4146,55.972599,Europe/Moscow,Arrived,2017-01-31T10:05:00Z,2017-01-31T11:44:00Z,2,108,0,10,118,1323600.00,0,366000.00,1689600.00,733,Boeing 737-300,4200,118,0,12,130,100.0,99.0,0.0,-1.0
136185,PG0252,2017-01-14T10:05:00Z,2017-01-14T11:45:00Z,AAQ,Anapa Vityazevo Airport,Anapa,37.347301483154,45.002101898193,Europe/Moscow,SVO,Sheremetyevo International Airport,Moscow,37.4146,55.972599,Europe/Moscow,Arrived,2017-01-14T10:06:00Z,2017-01-14T11:49:00Z,2,94,0,10,104,1154000.00,0,366000.00,1520000.00,733,Boeing 737-300,4200,118,0,12,130,100.0,103.0,1.0,4.0
136202,PG0252,2017-01-05T10:05:00Z,2017-01-05T11:45:00Z,AAQ,Anapa Vityazevo Airport,Anapa,37.347301483154,45.002101898193,Europe/Moscow,SVO,Sheremetyevo International Airport,Moscow,37.4146,55.972599,Europe/Moscow,Arrived,2017-01-05T10:07:00Z,2017-01-05T11:49:00Z,2,89,0,11,100,1093000.00,0,402600.00,1495600.00,733,Boeing 737-300,4200,118,0,12,130,100.0,102.0,2.0,4.0
136209,PG0252,2017-01-06T10:05:00Z,2017-01-06T11:45:00Z,AAQ,Anapa Vityazevo Airport,Anapa,37.347301483154,45.002101898193,Europe/Moscow,SVO,Sheremetyevo International Airport,Moscow,37.4146,55.972599,Europe/Moscow,Arrived,2017-01-06T10:09:00Z,2017-01-06T11:49:00Z,2,102,0,10,112,1249200.00,0,366000.00,1615200.00,733,Boeing 737-300,4200,118,0,12,130,100.0,100.0,4.0,4.0
136270,PG0252,2017-02-12T10:05:00Z,2017-02-12T11:45:00Z,AAQ,Anapa Vityazevo Airport,Anapa,37.347301483154,45.002101898193,Europe/Moscow,SVO,Sheremetyevo International Airport,Moscow,37.4146,55.972599,Europe/Moscow,Arrived,2017-02-12T10:12:00Z,2017-02-12T11:51:00Z,2,100,0,11,111,1226000.00,0,402600.00,1628600.00,733,Boeing 737-300,4200,118,0,12,130,100.0,99.0,7.0,6.0
136275,PG0252,2017-01-13T10:05:00Z,2017-01-13T11:45:00Z,AAQ,Anapa Vityazevo Airport,Anapa,37.347301483154,45.002101898193,Europe/Moscow,SVO,Sheremetyevo International Airport,Moscow,37.4146,55.972599,Europe/Moscow,Arrived,2017-01-13T10:08:00Z,2017-01-13T11:46:00Z,2,113,0,12,125,1385800.00,0,439200.00,1825000.00,733,Boeing 737-300,4200,118,0,12,130,100.0,98.0,3.0,1.0
136282,PG0252,2017-01-16T10:05:00Z,2017-01-16T11:45:00Z,AAQ,Anapa Vityazevo Airport,Anapa,37.347301483154,45.002101898193,Europe/Moscow,SVO,Sheremetyevo International Airport,Moscow,37.4146,55.972599,Europe/Moscow,Arrived,2017-01-16T10:07:00Z,2017-01-16T11:48:00Z,2,97,0,9,106,1189400.00,0,329400.00,1518800.00,733,Boeing 737-300,4200,118,0,12,130,100.0,101.0,2.0,3.0
136316,PG0252,2017-01-12T10:05:00Z,2017-01-12T11:45:00Z,AAQ,Anapa Vityazevo Airport,Anapa,37.347301483154,45.002101898193,Europe/Moscow,SVO,Sheremetyevo International Airport,Moscow,37.4146,55.972599,Europe/Moscow,Arrived,2017-01-12T10:07:00Z,2017-01-12T11:47:00Z,2,118,0,12,130,1446800.00,0,439200.00,1886000.00,733,Boeing 737-300,4200,118,0,12,130,100.0,100.0,2.0,2.0
136320,PG0252,2017-02-19T10:05:00Z,2017-02-19T11:45:00Z,AAQ,Anapa Vityazevo Airport,Anapa,37.347301483154,45.002101898193,Europe/Moscow,SVO,Sheremetyevo International Airport,Moscow,37.4146,55.972599,Europe/Moscow,Arrived,2017-02-19T10:05:00Z,2017-02-19T11:45:00Z,2,96,0,10,106,1178400.00,0,366000.00,1544400.00,733,Boeing 737-300,4200,118,0,12,130,100.0,100.0,0.0,0.0
136366,PG0252,2017-01-11T10:05:00Z,2017-01-11T11:45:00Z,AAQ,Anapa Vityazevo Airport,Anapa,37.347301483154,45.002101898193,Europe/Moscow,SVO,Sheremetyevo International Airport,Moscow,37.4146,55.972599,Europe/Moscow,Arrived,2017-01-11T10:08:00Z,2017-01-11T11:47:00Z,2,92,0,11,103,1124800.00,0,402600.00,1527400.00,733,Boeing 737-300,4200,118,0,12,130,100.0,99.0,3.0,2.0
136387,PG0252,2017-01-19T10:05:00Z,2017-01-19T11:45:00Z,AAQ,Anapa Vityazevo Airport,Anapa,37.347301483154,45.002101898193,Europe/Moscow,SVO,Sheremetyevo International Airport,Moscow,37.4146,55.972599,Europe/Moscow,Arrived,2017-01-19T10:08:00Z,2017-01-19T11:47:00Z,2,109,0,12,121,1335800.00,0,439200.00,1775000.00,733,Boeing 737-300,4200,118,0,12,130,100.0,99.0,3.0,2.0
136420,PG0252,2017-01-01T10:05:00Z,2017-01-01T11:45:00Z,AAQ,Anapa Vityazevo Airport,Anapa,37.347301483154,45.002101898193,Europe/Moscow,SVO,Sheremetyevo International Airport,Moscow,37.4146,55.972599,Europe/Moscow,Arrived,2017-01-01T10:09:00Z,2017-01-01T11:47:00Z,2,93,0,11,104,1139400.00,0,402600.00,1542000.00,733,Boeing 737-300,4200,118,0,12,130,100.0,98.0,4.0,2.0
136479,PG0252,2017-02-21T10:05:00Z,2017-02-21T11:45:00Z,AAQ,Anapa Vityazevo Airport,Anapa,37.347301483154,45.002101898193,Europe/Moscow,SVO,Sheremetyevo International Airport,Moscow,37.4146,55.972599,Europe/Moscow,Arrived,2017-02-21T10:08:00Z,2017-02-21T11:47:00Z,2,112,0,10,122,1372400.00,0,366000.00,1738400.00,733,Boeing 737-300,4200,118,0,12,130,100.0,99.0,3.0,2.0
136511,PG0194,2017-02-21T06:10:00Z,2017-02-21T11:15:00Z,AAQ,Anapa Vityazevo Airport,Anapa,37.347301483154,45.002101898193,Europe/Moscow,NOZ,Spichenkovo Airport,Novokuznetsk,86.877197265625,53.8114013671875,Asia/Novokuznetsk,Arrived,2017-02-21T06:15:00Z,2017-02-21T11:25:00Z,,,,,,,,,,733,Boeing 737-300,4200,118,0,12,130,305.0,310.0,5.0,10.0
136523,PG0194,2017-01-10T06:10:00Z,2017-01-10T11:15:00Z,AAQ,Anapa Vityazevo Airport,Anapa,37.347301483154,45.002101898193,Europe/Moscow,NOZ,Spichenkovo Airport,Novokuznetsk,86.877197265625,53.8114013671875,Asia/Novokuznetsk,Arrived,2017-01-10T06:14:00Z,2017-01-10T11:26:00Z,,,,,,,,,,733,Boeing 737-300,4200,118,0,12,130,305.0,312.0,4.0,11.0
136540,PG0194,2017-01-17T06:10:00Z,2017-01-17T11:15:00Z,AAQ,Anapa Vityazevo Airport,Anapa,37.347301483154,45.002101898193,Europe/Moscow,NOZ,Spichenkovo Airport,Novokuznetsk,86.877197265625,53.8114013671875,Asia/Novokuznetsk,Arrived,2017-01-17T06:14:00Z,2017-01-17T11:21:00Z,,,,,,,,,,733,Boeing 737-300,4200,118,0,12,130,305.0,307.0,4.0,6.0
136546,PG0194,2017-01-03T06:10:00Z,2017-01-03T11:15:00Z,AAQ,Anapa Vityazevo Airport,Anapa,37.347301483154,45.002101898193,Europe/Moscow,NOZ,Spichenkovo Airport,Novokuznetsk,86.877197265625,53.8114013671875,Asia/Novokuznetsk,Arrived,2017-01-03T06:13:00Z,2017-01-03T11:15:00Z,,,,,,,,,,733,Boeing 737-300,4200,118,0,12,130,305.0,302.0,3.0,0.0
136632,PG0480,2017-01-07T09:25:00Z,2017-01-07T10:15:00Z,AAQ,Anapa Vityazevo Airport,Anapa,37.347301483154,45.002101898193,Europe/Moscow,EGO,Belgorod International Airport,Belgorod,36.5900993347168,50.643798828125,Europe/Moscow,Arrived,2017-01-07T12:42:00Z,2017-01-07T13:33:00Z,2,80,0,11,91,506400.00,0,207900.00,714300.00,SU9,Sukhoi Superjet-100,3000,85,0,12,97,50.0,51.0,197.0,198.0
136672,PG0480,2017-02-03T09:25:00Z,2017-02-03T10:15:00Z,AAQ,Anapa Vityazevo Airport,Anapa,37.347301483154,45.002101898193,Europe/Moscow,EGO,Belgorod International Airport,Belgorod,36.5900993347168,50.643798828125,Europe/Moscow,Arrived,2017-02-03T09:28:00Z,2017-02-03T10:18:00Z,2,84,0,12,96,532200.00,0,226800.00,759000.00,SU9,Sukhoi Superjet-100,3000,85,0,12,97,50.0,50.0,3.0,3.0
136720,PG0480,2017-01-26T09:25:00Z,2017-01-26T10:15:00Z,AAQ,Anapa Vityazevo Airport,Anapa,37.347301483154,45.002101898193,Europe/Moscow,EGO,Belgorod International Airport,Belgorod,36.5900993347168,50.643798828125,Europe/Moscow,Arrived,2017-01-26T09:29:00Z,2017-01-26T10:19:00Z,2,83,0,12,95,525900.00,0,226800.00,752700.00,SU9,Sukhoi Superjet-100,3000,85,0,12,97,50.0,50.0,4.0,4.0
136769,PG0480,2017-02-10T09:25:00Z,2017-02-10T10:15:00Z,AAQ,Anapa Vityazevo Airport,Anapa,37.347301483154,45.002101898193,Europe/Moscow,EGO,Belgorod International Airport,Belgorod,36.5900993347168,50.643798828125,Europe/Moscow,Arrived,2017-02-10T09:30:00Z,2017-02-10T10:21:00Z,2,77,0,11,88,488100.00,0,207900.00,696000.00,SU9,Sukhoi Superjet-100,3000,85,0,12,97,50.0,51.0,5.0,6.0
136780,PG0480,2017-02-24T09:25:00Z,2017-02-24T10:15:00Z,AAQ,Anapa Vityazevo Airport,Anapa,37.347301483154,45.002101898193,Europe/Moscow,EGO,Belgorod International Airport,Belgorod,36.5900993347168,50.643798828125,Europe/Moscow,Arrived,2017-02-24T09:30:00Z,2017-02-24T10:20:00Z,2,77,0,12,89,488100.00,0,226800.00,714900.00,SU9,Sukhoi Superjet-100,3000,85,0,12,97,50.0,50.0,5.0,5.0
136819,PG0480,2017-01-04T09:25:00Z,2017-01-04T10:15:00Z,AAQ,Anapa Vityazevo Airport,Anapa,37.347301483154,45.002101898193,Europe/Moscow,EGO,Belgorod International Airport,Belgorod,36.5900993347168,50.643798828125,Europe/Moscow,Arrived,2017-01-04T09:29:00Z,2017-01-04T10:19:00Z,2,84,0,12,96,532200.00,0,226800.00,759000.00,SU9,Sukhoi Superjet-100,3000,85,0,12,97,50.0,50.0,4.0,4.0
136838,PG0480,2017-01-24T09:25:00Z,2017-01-24T10:15:00Z,AAQ,Anapa Vityazevo Airport,Anapa,37.347301483154,45.002101898193,Europe/Moscow,EGO,Belgorod International Airport,Belgorod,36.5900993347168,50.643798828125,Europe/Moscow,Arrived,2017-01-24T09:30:00Z,2017-01-24T10:21:00Z,2,76,0,10,86,481200.00,0,189000.00,670200.00,SU9,Sukhoi Superjet-100,3000,85,0,12,97,50.0,51.0,5.0,6.0
136875,PG0480,2017-02-16T09:25:00Z,2017-02-16T10:15:00Z,AAQ,Anapa Vityazevo Airport,Anapa,37.347301483154,45.002101898193,Europe/Moscow,EGO,Belgorod International Airport,Belgorod,36.5900993347168,50.643798828125,Europe/Moscow,Arrived,2017-02-16T09:29:00Z,2017-02-16T10:19:00Z,2,85,0,12,97,538500.00,0,226800.00,765300.00,SU9,Sukhoi Superjet-100,3000,85,0,12,97,50.0,50.0,4.0,4.0
136887,PG0480,2017-01-20T09:25:00Z,2017-01-20T10:15:00Z,AAQ,Anapa Vityazevo Airport,Anapa,37.347301483154,45.002101898193,Europe/Moscow,EGO,Belgorod International Airport,Belgorod,36.5900993347168,50.643798828125,Europe/Moscow,Arrived,2017-01-20T09:30:00Z,2017-01-20T10:19:00Z,2,70,0,8,78,444000.00,0,151200.00,595200.00,SU9,Sukhoi Superjet-100,3000,85,0,12,97,50.0,49.0,5.0,4.0
136936,PG0480,2017-01-02T09:25:00Z,2017-01-02T10:15:00Z,AAQ,Anapa Vityazevo Airport,Anapa,37.347301483154,45.002101898193,Europe/Moscow,EGO,Belgorod International Airport,Belgorod,36.5900993347168,50.643798828125,Europe/Moscow,Arrived,2017-01-02T09:28:00Z,2017-01-02T10:18:00Z,2,73,0,9,82,462300.00,0,170100.00,632400.00,SU9,Sukhoi Superjet-100,3000,85,0,12,97,50.0,50.0,3.0,3.0
136951,PG0480,2017-02-02T09:25:00Z,2017-02-02T10:15:00Z,AAQ,Anapa Vityazevo Airport,Anapa,37.347301483154,45.002101898193,Europe/Moscow,EGO,Belgorod International Airport,Belgorod,36.5900993347168,50.643798828125,Europe/Moscow,Arrived,2017-02-02T09:28:00Z,2017-02-02T10:17:00Z,2,78,0,12,90,493800.00,0,226800.00,720600.00,SU9,Sukhoi Superjet-100,3000,85,0,12,97,50.0,49.0,3.0,2.0
136120,PG0252,2017-02-24T10:05:00Z,2017-02-24T11:45:00Z,AAQ,Anapa Vityazevo Airport,Anapa,37.347301483154,45.002101898193,Europe/Moscow,SVO,Sheremetyevo International Airport,Moscow,37.4146,55.972599,Europe/Moscow,Arrived,2017-02-24T10:07:00Z,2017-02-24T11:46:00Z,2,98,0,11,109,1202800.00,0,402600.00,1605400.00,733,Boeing 737-300,4200,118,0,12,130,100.0,99.0,2.0,1.0
136146,PG0252,2017-02-09T10:05:00Z,2017-02-09T11:45:00Z,AAQ,Anapa Vityazevo Airport,Anapa,37.347301483154,45.002101898193,Europe/Moscow,SVO,Sheremetyevo International Airport,Moscow,37.4146,55.972599,Europe/Moscow,Arrived,2017-02-09T10:08:00Z,2017-02-09T11:48:00Z,2,98,0,11,109,1201600.00,0,402600.00,1604200.00,733,Boeing 737-300,4200,118,0,12,130,100.0,100.0,3.0,3.0
136165,PG0252,2017-02-22T10:05:00Z,2017-02-22T11:45:00Z,AAQ,Anapa Vityazevo Airport,Anapa,37.347301483154,45.002101898193,Europe/Moscow,SVO,Sheremetyevo International Airport,Moscow,37.4146,55.972599,Europe/Moscow,Arrived,2017-02-22T10:11:00Z,2017-02-22T11:52:00Z,2,101,0,9,110,1238200.00,0,329400.00,1567600.00,733,Boeing 737-300,4200,118,0,12,130,100.0,101.0,6.0,7.0
136178,PG0252,2017-01-29T10:05:00Z,2017-01-29T11:45:00Z,AAQ,Anapa Vityazevo Airport,Anapa,37.347301483154,45.002101898193,Europe/Moscow,SVO,Sheremetyevo International Airport,Moscow,37.4146,55.972599,Europe/Moscow,Arrived,2017-01-29T10:10:00Z,2017-01-29T11:49:00Z,2,90,0,9,99,1105200.00,0,329400.00,1434600.00,733,Boeing 737-300,4200,118,0,12,130,100.0,99.0,5.0,4.0
136215,PG0252,2017-02-28T10:05:00Z,2017-02-28T11:45:00Z,AAQ,Anapa Vityazevo Airport,Anapa,37.347301483154,45.002101898193,Europe/Moscow,SVO,Sheremetyevo International Airport,Moscow,37.4146,55.972599,Europe/Moscow,Arrived,2017-02-28T10:09:00Z,2017-02-28T11:49:00Z,2,103,0,11,114,1261400.00,0,402600.00,1664000.00,733,Boeing 737-300,4200,118,0,12,130,100.0,100.0,4.0,4.0
136264,PG0252,2017-02-18T10:05:00Z,2017-02-18T11:45:00Z,AAQ,Anapa Vityazevo Airport,Anapa,37.347301483154,45.002101898193,Europe/Moscow,SVO,Sheremetyevo International Airport,Moscow,37.4146,55.972599,Europe/Moscow,Arrived,2017-02-18T10:07:00Z,2017-02-18T11:47:00Z,2,105,0,11,116,1288200.00,0,402600.00,1690800.00,733,Boeing 737-300,4200,118,0,12,130,100.0,100.0,2.0,2.0
136269,PG0252,2017-02-11T10:05:00Z,2017-02-11T11:45:00Z,AAQ,Anapa Vityazevo Airport,Anapa,37.347301483154,45.002101898193,Europe/Moscow,SVO,Sheremetyevo International Airport,Moscow,37.4146,55.972599,Europe/Moscow,Arrived,2017-02-11T10:13:00Z,2017-02-11T11:53:00Z,2,98,0,11,109,1202800.00,0,402600.00,1605400.00,733,Boeing 737-300,4200,118,0,12,130,100.0,100.0,8.0,8.0
136345,PG0252,2017-01-24T10:05:00Z,2017-01-24T11:45:00Z,AAQ,Anapa Vityazevo Airport,Anapa,37.347301483154,45.002101898193,Europe/Moscow,SVO,Sheremetyevo International Airport,Moscow,37.4146,55.972599,Europe/Moscow,Arrived,2017-01-24T13:32:00Z,2017-01-24T15:12:00Z,2,100,0,8,108,1224800.00,0,292800.00,1517600.00,733,Boeing 737-300,4200,118,0,12,130,100.0,100.0,207.0,207.0
136428,PG0252,2017-01-21T10:05:00Z,2017-01-21T11:45:00Z,AAQ,Anapa Vityazevo Airport,Anapa,37.347301483154,45.002101898193,Europe/Moscow,SVO,Sheremetyevo International Airport,Moscow,37.4146,55.972599,Europe/Moscow,Arrived,2017-01-21T10:08:00Z,2017-01-21T11:47:00Z,2,104,0,11,115,1276000.00,0,402600.00,1678600.00,733,Boeing 737-300,4200,118,0,12,130,100.0,99.0,3.0,2.0
136452,PG0252,2017-02-17T10:05:00Z,2017-02-17T11:45:00Z,AAQ,Anapa Vityazevo Airport,Anapa,37.347301483154,45.002101898193,Europe/Moscow,SVO,Sheremetyevo International Airport,Moscow,37.4146,55.972599,Europe/Moscow,Arrived,2017-02-17T10:08:00Z,2017-02-17T11:48:00Z,2,98,0,11,109,1200400.00,0,402600.00,1603000.00,733,Boeing 737-300,4200,118,0,12,130,100.0,100.0,3.0,3.0
136464,PG0252,2017-01-09T10:05:00Z,2017-01-09T11:45:00Z,AAQ,Anapa Vityazevo Airport,Anapa,37.347301483154,45.002101898193,Europe/Moscow,SVO,Sheremetyevo International Airport,Moscow,37.4146,55.972599,Europe/Moscow,Arrived,2017-01-09T10:07:00Z,2017-01-09T11:47:00Z,2,93,0,7,100,1141800.00,0,256200.00,1398000.00,733,Boeing 737-300,4200,118,0,12,130,100.0,100.0,2.0,2.0
136513,PG0194,2017-02-28T06:10:00Z,2017-02-28T11:15:00Z,AAQ,Anapa Vityazevo Airport,Anapa,37.347301483154,45.002101898193,Europe/Moscow,NOZ,Spichenkovo Airport,Novokuznetsk,86.877197265625,53.8114013671875,Asia/Novokuznetsk,Arrived,2017-02-28T06:13:00Z,2017-02-28T11:23:00Z,,,,,,,,,,733,Boeing 737-300,4200,118,0,12,130,305.0,310.0,3.0,8.0
136514,PG0194,2017-02-07T06:10:00Z,2017-02-07T11:15:00Z,AAQ,Anapa Vityazevo Airport,Anapa,37.347301483154,45.002101898193,Europe/Moscow,NOZ,Spichenkovo Airport,Novokuznetsk,86.877197265625,53.8114013671875,Asia/Novokuznetsk,Arrived,2017-02-07T06:14:00Z,2017-02-07T11:13:00Z,,,,,,,,,,733,Boeing 737-300,4200,118,0,12,130,305.0,299.0,4.0,-2.0
136567,PG0194,2017-02-14T06:10:00Z,2017-02-14T11:15:00Z,AAQ,Anapa Vityazevo Airport,Anapa,37.347301483154,45.002101898193,Europe/Moscow,NOZ,Spichenkovo Airport,Novokuznetsk,86.877197265625,53.8114013671875,Asia/Novokuznetsk,Arrived,2017-02-14T06:12:00Z,2017-02-14T11:23:00Z,,,,,,,,,,733,Boeing 737-300,4200,118,0,12,130,305.0,311.0,2.0,8.0
136605,PG0480,2017-02-15T09:25:00Z,2017-02-15T10:15:00Z,AAQ,Anapa Vityazevo Airport,Anapa,37.347301483154,45.002101898193,Europe/Moscow,EGO,Belgorod International Airport,Belgorod,36.5900993347168,50.643798828125,Europe/Moscow,Arrived,2017-02-15T09:28:00Z,2017-02-15T10:19:00Z,2,85,0,12,97,538500.00,0,226800.00,765300.00,SU9,Sukhoi Superjet-100,3000,85,0,12,97,50.0,51.0,3.0,4.0
136612,PG0480,2017-02-21T09:25:00Z,2017-02-21T10:15:00Z,AAQ,Anapa Vityazevo Airport,Anapa,37.347301483154,45.002101898193,Europe/Moscow,EGO,Belgorod International Airport,Belgorod,36.5900993347168,50.643798828125,Europe/Moscow,Arrived,2017-02-21T09:27:00Z,2017-02-21T10:17:00Z,2,82,0,12,94,519600.00,0,226800.00,746400.00,SU9,Sukhoi Superjet-100,3000,85,0,12,97,50.0,50.0,2.0,2.0
136645,PG0480,2017-01-05T09:25:00Z,2017-01-05T10:15:00Z,AAQ,Anapa Vityazevo Airport,Anapa,37.347301483154,45.002101898193,Europe/Moscow,EGO,Belgorod International Airport,Belgorod,36.5900993347168,50.643798828125,Europe/Moscow,Arrived,2017-01-05T09:29:00Z,2017-01-05T10:20:00Z,2,73,0,9,82,462900.00,0,170100.00,633000.00,SU9,Sukhoi Superjet-100,3000,85,0,12,97,50.0,51.0,4.0,5.0
136649,PG0480,2017-01-18T09:25:00Z,2017-01-18T10:15:00Z,AAQ,Anapa Vityazevo Airport,Anapa,37.347301483154,45.002101898193,Europe/Moscow,EGO,Belgorod International Airport,Belgorod,36.5900993347168,50.643798828125,Europe/Moscow,Arrived,2017-01-18T09:25:00Z,2017-01-18T10:15:00Z,2,84,0,12,96,532200.00,0,226800.00,759000.00,SU9,Sukhoi Superjet-100,3000,85,0,12,97,50.0,50.0,0.0,0.0
136660,PG0480,2017-02-20T09:25:00Z,2017-02-20T10:15:00Z,AAQ,Anapa Vityazevo Airport,Anapa,37.347301483154,45.002101898193,Europe/Moscow,EGO,Belgorod International Airport,Belgorod,36.5900993347168,50.643798828125,Europe/Moscow,Arrived,2017-02-20T09:26:00Z,2017-02-20T10:15:00Z,2,77,0,10,87,488100.00,0,189000.00,677100.00,SU9,Sukhoi Superjet-100,3000,85,0,12,97,50.0,49.0,1.0,0.0
136661,PG0480,2017-01-01T09:25:00Z,2017-01-01T10:15:00Z,AAQ,Anapa Vityazevo Airport,Anapa,37.347301483154,45.002101898193,Europe/Moscow,EGO,Belgorod International Airport,Belgorod,36.5900993347168,50.643798828125,Europe/Moscow,Arrived,2017-01-01T09:27:00Z,2017-01-01T10:17:00Z,2,84,0,12,96,532200.00,0,226800.00,759000.00,SU9,Sukhoi Superjet-100,3000,85,0,12,97,50.0,50.0,2.0,2.0
136706,PG0480,2017-01-06T09:25:00Z,2017-01-06T10:15:00Z,AAQ,Anapa Vityazevo Airport,Anapa,37.347301483154,45.002101898193,Europe/Moscow,EGO,Belgorod International Airport,Belgorod,36.5900993347168,50.643798828125,Europe/Moscow,Arrived,2017-01-06T09:30:00Z,2017-01-06T10:20:00Z,2,84,0,11,95,532200.00,0,207900.00,740100.00,SU9,Sukhoi Superjet-100,3000,85,0,12,97,50.0,50.0,5.0,5.0
136733,PG0480,2017-01-09T09:25:00Z,2017-01-09T10:15:00Z,AAQ,Anapa Vityazevo Airport,Anapa,37.347301483154,45.002101898193,Europe/Moscow,EGO,Belgorod International Airport,Belgorod,36.5900993347168,50.643798828125,Europe/Moscow,Arrived,2017-01-09T09:27:00Z,2017-01-09T10:18:00Z,2,82,0,12,94,519600.00,0,226800.00,746400.00,SU9,Sukhoi Superjet-100,3000,85,0,12,97,50.0,51.0,2.0,3.0
136778,PG0480,2017-02-22T09:25:00Z,2017-02-22T10:15:00Z,AAQ,Anapa Vityazevo Airport,Anapa,37.347301483154,45.002101898193,Europe/Moscow,EGO,Belgorod International Airport,Belgorod,36.5900993347168,50.643798828125,Europe/Moscow,Arrived,2017-02-22T09:26:00Z,2017-02-22T10:16:00Z,2,84,0,12,96,532200.00,0,226800.00,759000.00,SU9,Sukhoi Superjet-100,3000,85,0,12,97,50.0,50.0,1.0,1.0
136781,PG0480,2017-01-14T09:25:00Z,2017-01-14T10:15:00Z,AAQ,Anapa Vityazevo Airport,Anapa,37.347301483154,45.002101898193,Europe/Moscow,EGO,Belgorod International Airport,Belgorod,36.5900993347168,50.643798828125,Europe/Moscow,Arrived,2017-01-14T09:26:00Z,2017-01-14T10:16:00Z,2,85,0,12,97,538500.00,0,226800.00,765300.00,SU9,Sukhoi Superjet-100,3000,85,0,12,97,50.0,50.0,1.0,1.0
136807,PG0480,2017-02-23T09:25:00Z,2017-02-23T10:15:00Z,AAQ,Anapa Vityazevo Airport,Anapa,37.347301483154,45.002101898193,Europe/Moscow,EGO,Belgorod International Airport,Belgorod,36.5900993347168,50.643798828125,Europe/Moscow,Arrived,2017-02-23T09:28:00Z,2017-02-23T10:18:00Z,2,60,0,8,68,379800.00,0,151200.00,531000.00,SU9,Sukhoi Superjet-100,3000,85,0,12,97,50.0,50.0,3.0,3.0
136823,PG0480,2017-02-05T09:25:00Z,2017-02-05T10:15:00Z,AAQ,Anapa Vityazevo Airport,Anapa,37.347301483154,45.002101898193,Europe/Moscow,EGO,Belgorod International Airport,Belgorod,36.5900993347168,50.643798828125,Europe/Moscow,Arrived,2017-02-05T09:27:00Z,2017-02-05T10:18:00Z,2,68,0,10,78,431400.00,0,189000.00,620400.00,SU9,Sukhoi Superjet-100,3000,85,0,12,97,50.0,51.0,2.0,3.0
136844,PG0480,2017-02-28T09:25:00Z,2017-02-28T10:15:00Z,AAQ,Anapa Vityazevo Airport,Anapa,37.347301483154,45.002101898193,Europe/Moscow,EGO,Belgorod International Airport,Belgorod,36.5900993347168,50.643798828125,Europe/Moscow,Arrived,2017-02-28T09:26:00Z,2017-02-28T10:16:00Z,2,73,0,6,79,461700.00,0,113400.00,575100.00,SU9,Sukhoi Superjet-100,3000,85,0,12,97,50.0,50.0,1.0,1.0
136869,PG0480,2017-01-31T09:25:00Z,2017-01-31T10:15:00Z,AAQ,Anapa Vityazevo Airport,Anapa,37.347301483154,45.002101898193,Europe/Moscow,EGO,Belgorod International Airport,Belgorod,36.5900993347168,50.643798828125,Europe/Moscow,Arrived,2017-01-31T09:26:00Z,2017-01-31T10:16:00Z,2,85,0,12,97,538500.00,0,226800.00,765300.00,SU9,Sukhoi Superjet-100,3000,85,0,12,97,50.0,50.0,1.0,1.0
136900,PG0480,2017-02-01T09:25:00Z,2017-02-01T10:15:00Z,AAQ,Anapa Vityazevo Airport,Anapa,37.347301483154,45.002101898193,Europe/Moscow,EGO,Belgorod International Airport,Belgorod,36.5900993347168,50.643798828125,Europe/Moscow,Arrived,2017-02-01T09:30:00Z,2017-02-01T10:21:00Z,2,85,0,12,97,538500.00,0,226800.00,765300.00,SU9,Sukhoi Superjet-100,3000,85,0,12,97,50.0,51.0,5.0,6.0
136907,PG0480,2017-01-16T09:25:00Z,2017-01-16T10:15:00Z,AAQ,Anapa Vityazevo Airport,Anapa,37.347301483154,45.002101898193,Europe/Moscow,EGO,Belgorod International Airport,Belgorod,36.5900993347168,50.643798828125,Europe/Moscow,Arrived,2017-01-16T09:31:00Z,2017-01-16T10:22:00Z,2,84,0,12,96,532200.00,0,226800.00,759000.00,SU9,Sukhoi Superjet-100,3000,85,0,12,97,50.0,51.0,6.0,7.0
136131,PG0252,2017-01-28T10:05:00Z,2017-01-28T11:45:00Z,AAQ,Anapa Vityazevo Airport,Anapa,37.347301483154,45.002101898193,Europe/Moscow,SVO,Sheremetyevo International Airport,Moscow,37.4146,55.972599,Europe/Moscow,Arrived,2017-01-28T10:07:00Z,2017-01-28T11:46:00Z,2,112,0,12,124,1373600.00,0,439200.00,1812800.00,733,Boeing 737-300,4200,118,0,12,130,100.0,99.0,2.0,1.0
136135,PG0252,2017-02-01T10:05:00Z,2017-02-01T11:45:00Z,AAQ,Anapa Vityazevo Airport,Anapa,37.347301483154,45.002101898193,Europe/Moscow,SVO,Sheremetyevo International Airport,Moscow,37.4146,55.972599,Europe/Moscow,Arrived,2017-02-01T10:08:00Z,2017-02-01T11:48:00Z,2,104,0,11,115,1276000.00,0,402600.00,1678600.00,733,Boeing 737-300,4200,118,0,12,130,100.0,100.0,3.0,3.0
136164,PG0252,2017-01-07T10:05:00Z,2017-01-07T11:45:00Z,AAQ,Anapa Vityazevo Airport,Anapa,37.347301483154,45.002101898193,Europe/Moscow,SVO,Sheremetyevo International Airport,Moscow,37.4146,55.972599,Europe/Moscow,Arrived,2017-01-07T10:07:00Z,2017-01-07T11:46:00Z,2,109,0,11,120,1335800.00,0,402600.00,1738400.00,733,Boeing 737-300,4200,118,0,12,130,100.0,99.0,2.0,1.0
136204,PG0252,2017-02-23T10:05:00Z,2017-02-23T11:45:00Z,AAQ,Anapa Vityazevo Airport,Anapa,37.347301483154,45.002101898193,Europe/Moscow,SVO,Sheremetyevo International Airport,Moscow,37.4146,55.972599,Europe/Moscow,Arrived,2017-02-23T10:06:00Z,2017-02-23T11:46:00Z,2,101,0,6,107,1238200.00,0,219600.00,1457800.00,733,Boeing 737-300,4200,118,0,12,130,100.0,100.0,1.0,1.0
136226,PG0252,2017-01-30T10:05:00Z,2017-01-30T11:45:00Z,AAQ,Anapa Vityazevo Airport,Anapa,37.347301483154,45.002101898193,Europe/Moscow,SVO,Sheremetyevo International Airport,Moscow,37.4146,55.972599,Europe/Moscow,Arrived,2017-01-30T10:08:00Z,2017-01-30T11:48:00Z,2,118,0,12,130,1446800.00,0,439200.00,1886000.00,733,Boeing 737-300,4200,118,0,12,130,100.0,100.0,3.0,3.0
136268,PG0252,2017-02-16T10:05:00Z,2017-02-16T11:45:00Z,AAQ,Anapa Vityazevo Airport,Anapa,37.347301483154,45.002101898193,Europe/Moscow,SVO,Sheremetyevo International Airport,Moscow,37.4146,55.972599,Europe/Moscow,Arrived,2017-02-16T10:08:00Z,2017-02-16T11:49:00Z,2,104,0,11,115,1273600.00,0,402600.00,1676200.00,733,Boeing 737-300,4200,118,0,12,130,100.0,101.0,3.0,4.0
136284,PG0252,2017-02-07T10:05:00Z,2017-02-07T11:45:00Z,AAQ,Anapa Vityazevo Airport,Anapa,37.347301483154,45.002101898193,Europe/Moscow,SVO,Sheremetyevo International Airport,Moscow,37.4146,55.972599,Europe/Moscow,Arrived,2017-02-07T10:07:00Z,2017-02-07T11:48:00Z,2,107,0,10,117,1311400.00,0,366000.00,1677400.00,733,Boeing 737-300,4200,118,0,12,130,100.0,101.0,2.0,3.0
136293,PG0252,2017-01-23T10:05:00Z,2017-01-23T11:45:00Z,AAQ,Anapa Vityazevo Airport,Anapa,37.347301483154,45.002101898193,Europe/Moscow,SVO,Sheremetyevo International Airport,Moscow,37.4146,55.972599,Europe/Moscow,Arrived,2017-01-23T10:09:00Z,2017-01-23T11:48:00Z,2,102,0,12,114,1250400.00,0,439200.00,1689600.00,733,Boeing 737-300,4200,118,0,12,130,100.0,99.0,4.0,3.0
136322,PG0252,2017-02-06T10:05:00Z,2017-02-06T11:45:00Z,AAQ,Anapa Vityazevo Airport,Anapa,37.347301483154,45.002101898193,Europe/Moscow,SVO,Sheremetyevo International Airport,Moscow,37.4146,55.972599,Europe/Moscow,Arrived,2017-02-06T10:11:00Z,2017-02-06T11:52:00Z,2,98,0,10,108,1201600.00,0,366000.00,1567600.00,733,Boeing 737-300,4200,118,0,12,130,100.0,101.0,6.0,7.0
136348,PG0252,2017-02-10T10:05:00Z,2017-02-10T11:45:00Z,AAQ,Anapa Vityazevo Airport,Anapa,37.347301483154,45.002101898193,Europe/Moscow,SVO,Sheremetyevo International Airport,Moscow,37.4146,55.972599,Europe/Moscow,Arrived,2017-02-10T10:05:00Z,2017-02-10T11:45:00Z,2,108,0,12,120,1323600.00,0,439200.00,1762800.00,733,Boeing 737-300,4200,118,0,12,130,100.0,100.0,0.0,0.0
136383,PG0252,2017-01-25T10:05:00Z,2017-01-25T11:45:00Z,AAQ,Anapa Vityazevo Airport,Anapa,37.347301483154,45.002101898193,Europe/Moscow,SVO,Sheremetyevo International Airport,Moscow,37.4146,55.972599,Europe/Moscow,Arrived,2017-01-25T10:09:00Z,2017-01-25T11:51:00Z,2,98,0,8,106,1200400.00,0,292800.00,1493200.00,733,Boeing 737-300,4200,118,0,12,130,100.0,102.0,4.0,6.0
136389,PG0252,2017-01-18T10:05:00Z,2017-01-18T11:45:00Z,AAQ,Anapa Vityazevo Airport,Anapa,37.347301483154,45.002101898193,Europe/Moscow,SVO,Sheremetyevo International Airport,Moscow,37.4146,55.972599,Europe/Moscow,Arrived,2017-01-18T10:10:00Z,2017-01-18T11:50:00Z,2,117,0,12,129,1434600.00,0,439200.00,1873800.00,733,Boeing 737-300,4200,118,0,12,130,100.0,100.0,5.0,5.0
136423,PG0252,2017-01-10T10:05:00Z,2017-01-10T11:45:00Z,AAQ,Anapa Vityazevo Airport,Anapa,37.347301483154,45.002101898193,Europe/Moscow,SVO,Sheremetyevo International Airport,Moscow,37.4146,55.972599,Europe/Moscow,Arrived,2017-01-10T10:12:00Z,2017-01-10T11:52:00Z,2,118,0,11,129,1446800.00,0,402600.00,1849400.00,733,Boeing 737-300,4200,118,0,12,130,100.0,100.0,7.0,7.0
136436,PG0252,2017-01-26T10:05:00Z,2017-01-26T11:45:00Z,AAQ,Anapa Vityazevo Airport,Anapa,37.347301483154,45.002101898193,Europe/Moscow,SVO,Sheremetyevo International Airport,Moscow,37.4146,55.972599,Europe/Moscow,Arrived,2017-01-26T10:08:00Z,2017-01-26T11:47:00Z,2,112,0,12,124,1372400.00,0,439200.00,1811600.00,733,Boeing 737-300,4200,118,0,12,130,100.0,99.0,3.0,2.0
136441,PG0252,2017-02-03T10:05:00Z,2017-02-03T11:45:00Z,AAQ,Anapa Vityazevo Airport,Anapa,37.347301483154,45.002101898193,Europe/Moscow,SVO,Sheremetyevo International Airport,Moscow,37.4146,55.972599,Europe/Moscow,Arrived,2017-02-03T10:07:00Z,2017-02-03T11:47:00Z,2,117,0,11,128,1434600.00,0,402600.00,1837200.00,733,Boeing 737-300,4200,118,0,12,130,100.0,100.0,2.0,2.0
136458,PG0252,2017-01-02T10:05:00Z,2017-01-02T11:45:00Z,AAQ,Anapa Vityazevo Airport,Anapa,37.347301483154,45.002101898193,Europe/Moscow,SVO,Sheremetyevo International Airport,Moscow,37.4146,55.972599,Europe/Moscow,Arrived,2017-01-02T10:07:00Z,2017-01-02T11:46:00Z,2,101,0,9,110,1239400.00,0,329400.00,1568800.00,733,Boeing 737-300,4200,118,0,12,130,100.0,99.0,2.0,1.0
136471,PG0252,2017-01-17T10:05:00Z,2017-01-17T11:45:00Z,AAQ,Anapa Vityazevo Airport,Anapa,37.347301483154,45.002101898193,Europe/Moscow,SVO,Sheremetyevo International Airport,Moscow,37.4146,55.972599,Europe/Moscow,Arrived,2017-01-17T10:11:00Z,2017-01-17T11:51:00Z,2,108,0,12,120,1323600.00,0,439200.00,1762800.00,733,Boeing 737-300,4200,118,0,12,130,100.0,100.0,6.0,6.0
136485,PG0252,2017-01-27T10:05:00Z,2017-01-27T11:45:00Z,AAQ,Anapa Vityazevo Airport,Anapa,37.347301483154,45.002101898193,Europe/Moscow,SVO,Sheremetyevo International Airport,Moscow,37.4146,55.972599,Europe/Moscow,Arrived,2017-01-27T10:07:00Z,2017-01-27T11:47:00Z,2,97,0,9,106,1190600.00,0,329400.00,1520000.00,733,Boeing 737-300,4200,118,0,12,130,100.0,100.0,2.0,2.0
136560,PG0194,2017-01-24T06:10:00Z,2017-01-24T11:15:00Z,AAQ,Anapa Vityazevo Airport,Anapa,37.347301483154,45.002101898193,Europe/Moscow,NOZ,Spichenkovo Airport,Novokuznetsk,86.877197265625,53.8114013671875,Asia/Novokuznetsk,Arrived,2017-01-24T06:13:00Z,2017-01-24T11:18:00Z,,,,,,,,,,733,Boeing 737-300,4200,118,0,12,130,305.0,305.0,3.0,3.0
136571,PG0480,2017-01-25T09:25:00Z,2017-01-25T10:15:00Z,AAQ,Anapa Vityazevo Airport,Anapa,37.347301483154,45.002101898193,Europe/Moscow,EGO,Belgorod International Airport,Belgorod,36.5900993347168,50.643798828125,Europe/Moscow,Arrived,2017-01-25T09:28:00Z,2017-01-25T10:18:00Z,2,83,0,12,95,525900.00,0,226800.00,752700.00,SU9,Sukhoi Superjet-100,3000,85,0,12,97,50.0,50.0,3.0,3.0
136600,PG0480,2017-02-08T09:25:00Z,2017-02-08T10:15:00Z,AAQ,Anapa Vityazevo Airport,Anapa,37.347301483154,45.002101898193,Europe/Moscow,EGO,Belgorod International Airport,Belgorod,36.5900993347168,50.643798828125,Europe/Moscow,Arrived,2017-02-08T09:26:00Z,2017-02-08T10:16:00Z,2,85,0,12,97,538500.00,0,226800.00,765300.00,SU9,Sukhoi Superjet-100,3000,85,0,12,97,50.0,50.0,1.0,1.0
136609,PG0480,2017-01-08T09:25:00Z,2017-01-08T10:15:00Z,AAQ,Anapa Vityazevo Airport,Anapa,37.347301483154,45.002101898193,Europe/Moscow,EGO,Belgorod International Airport,Belgorod,36.5900993347168,50.643798828125,Europe/Moscow,Arrived,2017-01-08T09:28:00Z,2017-01-08T10:18:00Z,2,71,0,10,81,450300.00,0,189000.00,639300.00,SU9,Sukhoi Superjet-100,3000,85,0,12,97,50.0,50.0,3.0,3.0
136620,PG0480,2017-02-17T09:25:00Z,2017-02-17T10:15:00Z,AAQ,Anapa Vityazevo Airport,Anapa,37.347301483154,45.002101898193,Europe/Moscow,EGO,Belgorod International Airport,Belgorod,36.5900993347168,50.643798828125,Europe/Moscow,Arrived,2017-02-17T09:30:00Z,2017-02-17T10:19:00Z,2,70,0,9,79,443400.00,0,170100.00,613500.00,SU9,Sukhoi Superjet-100,3000,85,0,12,97,50.0,49.0,5.0,4.0
136642,PG0480,2017-01-30T09:25:00Z,2017-01-30T10:15:00Z,AAQ,Anapa Vityazevo Airport,Anapa,37.347301483154,45.002101898193,Europe/Moscow,EGO,Belgorod International Airport,Belgorod,36.5900993347168,50.643798828125,Europe/Moscow,Arrived,2017-01-30T09:28:00Z,2017-01-30T10:17:00Z,2,54,0,10,64,342000.00,0,189000.00,531000.00,SU9,Sukhoi Superjet-100,3000,85,0,12,97,50.0,49.0,3.0,2.0
136654,PG0480,2017-01-19T09:25:00Z,2017-01-19T10:15:00Z,AAQ,Anapa Vityazevo Airport,Anapa,37.347301483154,45.002101898193,Europe/Moscow,EGO,Belgorod International Airport,Belgorod,36.5900993347168,50.643798828125,Europe/Moscow,Arrived,2017-01-19T09:28:00Z,2017-01-19T10:17:00Z,2,84,0,12,96,532200.00,0,226800.00,759000.00,SU9,Sukhoi Superjet-100,3000,85,0,12,97,50.0,49.0,3.0,2.0
136709,PG0480,2017-01-15T09:25:00Z,2017-01-15T10:15:00Z,AAQ,Anapa Vityazevo Airport,Anapa,37.347301483154,45.002101898193,Europe/Moscow,EGO,Belgorod International Airport,Belgorod,36.5900993347168,50.643798828125,Europe/Moscow,Arrived,2017-01-15T09:28:00Z,2017-01-15T10:18:00Z,2,76,0,11,87,481800.00,0,207900.00,689700.00,SU9,Sukhoi Superjet-100,3000,85,0,12,97,50.0,50.0,3.0,3.0
136729,PG0480,2017-01-29T09:25:00Z,2017-01-29T10:15:00Z,AAQ,Anapa Vityazevo Airport,Anapa,37.347301483154,45.002101898193,Europe/Moscow,EGO,Belgorod International Airport,Belgorod,36.5900993347168,50.643798828125,Europe/Moscow,Arrived,2017-01-29T09:29:00Z,2017-01-29T10:19:00Z,2,77,0,11,88,487500.00,0,207900.00,695400.00,SU9,Sukhoi Superjet-100,3000,85,0,12,97,50.0,50.0,4.0,4.0
136754,PG0480,2017-02-06T09:25:00Z,2017-02-06T10:15:00Z,AAQ,Anapa Vityazevo Airport,Anapa,37.347301483154,45.002101898193,Europe/Moscow,EGO,Belgorod International Airport,Belgorod,36.5900993347168,50.643798828125,Europe/Moscow,Arrived,2017-02-06T09:29:00Z,2017-02-06T10:18:00Z,2,78,0,12,90,494400.00,0,226800.00,721200.00,SU9,Sukhoi Superjet-100,3000,85,0,12,97,50.0,49.0,4.0,3.0
136755,PG0480,2017-01-21T09:25:00Z,2017-01-21T10:15:00Z,AAQ,Anapa Vityazevo Airport,Anapa,37.347301483154,45.002101898193,Europe/Moscow,EGO,Belgorod International Airport,Belgorod,36.5900993347168,50.643798828125,Europe/Moscow,Arrived,2017-01-21T09:30:00Z,2017-01-21T10:20:00Z,2,85,0,12,97,538500.00,0,226800.00,765300.00,SU9,Sukhoi Superjet-100,3000,85,0,12,97,50.0,50.0,5.0,5.0
136757,PG0480,2017-01-27T09:25:00Z,2017-01-27T10:15:00Z,AAQ,Anapa Vityazevo Airport,Anapa,37.347301483154,45.002101898193,Europe/Moscow,EGO,Belgorod International Airport,Belgorod,36.5900993347168,50.643798828125,Europe/Moscow,Arrived,2017-01-27T09:30:00Z,2017-01-27T10:19:00Z,2,85,0,12,97,538500.00,0,226800.00,765300.00,SU9,Sukhoi Superjet-100,3000,85,0,12,97,50.0,49.0,5.0,4.0
136767,PG0480,2017-01-23T09:25:00Z,2017-01-23T10:15:00Z,AAQ,Anapa Vityazevo Airport,Anapa,37.347301483154,45.002101898193,Europe/Moscow,EGO,Belgorod International Airport,Belgorod,36.5900993347168,50.643798828125,Europe/Moscow,Arrived,2017-01-23T09:27:00Z,2017-01-23T10:18:00Z,2,73,0,10,83,462300.00,0,189000.00,651300.00,SU9,Sukhoi Superjet-100,3000,85,0,12,97,50.0,51.0,2.0,3.0
136802,PG0480,2017-02-26T09:25:00Z,2017-02-26T10:15:00Z,AAQ,Anapa Vityazevo Airport,Anapa,37.347301483154,45.002101898193,Europe/Moscow,EGO,Belgorod International Airport,Belgorod,36.5900993347168,50.643798828125,Europe/Moscow,Arrived,2017-02-26T09:32:00Z,2017-02-26T10:22:00Z,2,85,0,11,96,538500.00,0,207900.00,746400.00,SU9,Sukhoi Superjet-100,3000,85,0,12,97,50.0,50.0,7.0,7.0
136871,PG0480,2017-01-13T09:25:00Z,2017-01-13T10:15:00Z,AAQ,Anapa Vityazevo Airport,Anapa,37.347301483154,45.002101898193,Europe/Moscow,EGO,Belgorod International Airport,Belgorod,36.5900993347168,50.643798828125,Europe/Moscow,Arrived,2017-01-13T09:28:00Z,2017-01-13T10:18:00Z,2,85,0,12,97,538500.00,0,226800.00,765300.00,SU9,Sukhoi Superjet-100,3000,85,0,12,97,50.0,50.0,3.0,3.0
136888,PG0480,2017-02-14T09:25:00Z,2017-02-14T10:15:00Z,AAQ,Anapa Vityazevo Airport,Anapa,37.347301483154,45.002101898193,Europe/Moscow,EGO,Belgorod International Airport,Belgorod,36.5900993347168,50.643798828125,Europe/Moscow,Arrived,2017-02-14T09:29:00Z,2017-02-14T10:19:00Z,2,69,0,10,79,437100.00,0,189000.00,626100.00,SU9,Sukhoi Superjet-100,3000,85,0,12,97,50.0,50.0,4.0,4.0
136922,PG0480,2017-02-11T09:25:00Z,2017-02-11T10:15:00Z,AAQ,Anapa Vityazevo Airport,Anapa,37.347301483154,45.002101898193,Europe/Moscow,EGO,Belgorod International Airport,Belgorod,36.5900993347168,50.643798828125,Europe/Moscow,Arrived,2017-02-11T09:27:00Z,2017-02-11T10:17:00Z,2,66,0,10,76,418800.00,0,189000.00,607800.00,SU9,Sukhoi Superjet-100,3000,85,0,12,97,50.0,50.0,2.0,2.0
136927,PG0480,2017-01-22T09:25:00Z,2017-01-22T10:15:00Z,AAQ,Anapa Vityazevo Airport,Anapa,37.347301483154,45.002101898193,Europe/Moscow,EGO,Belgorod International Airport,Belgorod,36.5900993347168,50.643798828125,Europe/Moscow,Arrived,2017-01-22T09:28:00Z,2017-01-22T10:19:00Z,2,85,0,12,97,538500.00,0,226800.00,765300.00,SU9,Sukhoi Superjet-100,3000,85,0,12,97,50.0,51.0,3.0,4.0
136937,PG0480,2017-01-03T09:25:00Z,2017-01-03T10:15:00Z,AAQ,Anapa Vityazevo Airport,Anapa,37.347301483154,45.002101898193,Europe/Moscow,EGO,Belgorod International Airport,Belgorod,36.5900993347168,50.643798828125,Europe/Moscow,Arrived,2017-01-03T09:29:00Z,2017-01-03T10:19:00Z,2,72,0,9,81,456000.00,0,170100.00,626100.00,SU9,Sukhoi Superjet-100,3000,85,0,12,97,50.0,50.0,4.0,4.0
136953,PG0480,2017-02-27T09:25:00Z,2017-02-27T10:15:00Z,AAQ,Anapa Vityazevo Airport,Anapa,37.347301483154,45.002101898193,Europe/Moscow,EGO,Belgorod International Airport,Belgorod,36.5900993347168,50.643798828125,Europe/Moscow,Arrived,2017-02-27T09:27:00Z,2017-02-27T10:17:00Z,2,85,0,12,97,538500.00,0,226800.00,765300.00,SU9,Sukhoi Superjet-100,3000,85,0,12,97,50.0,50.0,2.0,2.0
136956,PG0480,2017-02-04T09:25:00Z,2017-02-04T10:15:00Z,AAQ,Anapa Vityazevo Airport,Anapa,37.347301483154,45.002101898193,Europe/Moscow,EGO,Belgorod International Airport,Belgorod,36.5900993347168,50.643798828125,Europe/Moscow,Arrived,2017-02-04T09:33:00Z,2017-02-04T10:23:00Z,2,85,0,11,96,538500.00,0,207900.00,746400.00,SU9,Sukhoi Superjet-100,3000,85,0,12,97,50.0,50.0,8.0,8.0
136132,PG0252,2017-02-15T10:05:00Z,2017-02-15T11:45:00Z,AAQ,Anapa Vityazevo Airport,Anapa,37.347301483154,45.002101898193,Europe/Moscow,SVO,Sheremetyevo International Airport,Moscow,37.4146,55.972599,Europe/Moscow,Arrived,2017-02-15T10:09:00Z,2017-02-15T11:48:00Z,2,104,0,12,116,1274800.00,0,439200.00,1714000.00,733,Boeing 737-300,4200,118,0,12,130,100.0,99.0,4.0,3.0
136249,PG0252,2017-02-14T10:05:00Z,2017-02-14T11:45:00Z,AAQ,Anapa Vityazevo Airport,Anapa,37.347301483154,45.002101898193,Europe/Moscow,SVO,Sheremetyevo International Airport,Moscow,37.4146,55.972599,Europe/Moscow,Arrived,2017-02-14T10:08:00Z,2017-02-14T11:46:00Z,2,111,0,12,123,1361400.00,0,439200.00,1800600.00,733,Boeing 737-300,4200,118,0,12,130,100.0,98.0,3.0,1.0
136250,PG0252,2017-02-08T10:05:00Z,2017-02-08T11:45:00Z,AAQ,Anapa Vityazevo Airport,Anapa,37.347301483154,45.002101898193,Europe/Moscow,SVO,Sheremetyevo International Airport,Moscow,37.4146,55.972599,Europe/Moscow,Arrived,2017-02-08T10:06:00Z,2017-02-08T11:47:00Z,2,91,0,8,99,1115000.00,0,292800.00,1407800.00,733,Boeing 737-300,4200,118,0,12,130,100.0,101.0,1.0,2.0
136266,PG0252,2017-02-27T10:05:00Z,2017-02-27T11:45:00Z,AAQ,Anapa Vityazevo Airport,Anapa,37.347301483154,45.002101898193,Europe/Moscow,SVO,Sheremetyevo International Airport,Moscow,37.4146,55.972599,Europe/Moscow,Arrived,2017-02-27T10:08:00Z,2017-02-27T11:48:00Z,2,98,0,10,108,1200400.00,0,366000.00,1566400.00,733,Boeing 737-300,4200,118,0,12,130,100.0,100.0,3.0,3.0
136310,PG0252,2017-01-22T10:05:00Z,2017-01-22T11:45:00Z,AAQ,Anapa Vityazevo Airport,Anapa,37.347301483154,45.002101898193,Europe/Moscow,SVO,Sheremetyevo International Airport,Moscow,37.4146,55.972599,Europe/Moscow,Arrived,2017-01-22T10:07:00Z,2017-01-22T11:47:00Z,2,108,0,9,117,1324800.00,0,329400.00,1654200.00,733,Boeing 737-300,4200,118,0,12,130,100.0,100.0,2.0,2.0
136351,PG0252,2017-02-26T10:05:00Z,2017-02-26T11:45:00Z,AAQ,Anapa Vityazevo Airport,Anapa,37.347301483154,45.002101898193,Europe/Moscow,SVO,Sheremetyevo International Airport,Moscow,37.4146,55.972599,Europe/Moscow,Arrived,2017-02-26T10:13:00Z,2017-02-26T11:53:00Z,2,94,0,11,105,1152800.00,0,402600.00,1555400.00,733,Boeing 737-300,4200,118,0,12,130,100.0,100.0,8.0,8.0
136360,PG0252,2017-02-05T10:05:00Z,2017-02-05T11:45:00Z,AAQ,Anapa Vityazevo Airport,Anapa,37.347301483154,45.002101898193,Europe/Moscow,SVO,Sheremetyevo International Airport,Moscow,37.4146,55.972599,Europe/Moscow,Arrived,2017-02-05T10:08:00Z,2017-02-05T11:48:00Z,2,86,0,11,97,1052800.00,0,402600.00,1455400.00,733,Boeing 737-300,4200,118,0,12,130,100.0,100.0,3.0,3.0
136403,PG0252,2017-02-20T10:05:00Z,2017-02-20T11:45:00Z,AAQ,Anapa Vityazevo Airport,Anapa,37.347301483154,45.002101898193,Europe/Moscow,SVO,Sheremetyevo International Airport,Moscow,37.4146,55.972599,Europe/Moscow,Arrived,2017-02-20T10:06:00Z,2017-02-20T11:46:00Z,2,117,0,12,129,1434600.00,0,439200.00,1873800.00,733,Boeing 737-300,4200,118,0,12,130,100.0,100.0,1.0,1.0
136411,PG0252,2017-02-04T10:05:00Z,2017-02-04T11:45:00Z,AAQ,Anapa Vityazevo Airport,Anapa,37.347301483154,45.002101898193,Europe/Moscow,SVO,Sheremetyevo International Airport,Moscow,37.4146,55.972599,Europe/Moscow,Arrived,2017-02-04T10:06:00Z,2017-02-04T11:46:00Z,2,100,0,10,110,1224800.00,0,366000.00,1590800.00,733,Boeing 737-300,4200,118,0,12,130,100.0,100.0,1.0,1.0
136439,PG0252,2017-02-25T10:05:00Z,2017-02-25T11:45:00Z,AAQ,Anapa Vityazevo Airport,Anapa,37.347301483154,45.002101898193,Europe/Moscow,SVO,Sheremetyevo International Airport,Moscow,37.4146,55.972599,Europe/Moscow,Arrived,2017-02-25T10:08:00Z,2017-02-25T11:48:00Z,2,106,0,11,117,1299200.00,0,402600.00,1701800.00,733,Boeing 737-300,4200,118,0,12,130,100.0,100.0,3.0,3.0
136463,PG0252,2017-01-20T10:05:00Z,2017-01-20T11:45:00Z,AAQ,Anapa Vityazevo Airport,Anapa,37.347301483154,45.002101898193,Europe/Moscow,SVO,Sheremetyevo International Airport,Moscow,37.4146,55.972599,Europe/Moscow,Arrived,2017-01-20T10:06:00Z,2017-01-20T11:45:00Z,2,110,0,12,122,1349200.00,0,439200.00,1788400.00,733,Boeing 737-300,4200,118,0,12,130,100.0,99.0,1.0,0.0
136486,PG0252,2017-02-02T10:05:00Z,2017-02-02T11:45:00Z,AAQ,Anapa Vityazevo Airport,Anapa,37.347301483154,45.002101898193,Europe/Moscow,SVO,Sheremetyevo International Airport,Moscow,37.4146,55.972599,Europe/Moscow,Arrived,2017-02-02T10:07:00Z,2017-02-02T11:48:00Z,2,99,0,8,107,1212600.00,0,292800.00,1505400.00,733,Boeing 737-300,4200,118,0,12,130,100.0,101.0,2.0,3.0
136544,PG0194,2017-01-31T06:10:00Z,2017-01-31T11:15:00Z,AAQ,Anapa Vityazevo Airport,Anapa,37.347301483154,45.002101898193,Europe/Moscow,NOZ,Spichenkovo Airport,Novokuznetsk,86.877197265625,53.8114013671875,Asia/Novokuznetsk,Arrived,2017-01-31T06:10:00Z,2017-01-31T11:14:00Z,,,,,,,,,,733,Boeing 737-300,4200,118,0,12,130,305.0,304.0,0.0,-1.0
136586,PG0480,2017-01-10T09:25:00Z,2017-01-10T10:15:00Z,AAQ,Anapa Vityazevo Airport,Anapa,37.347301483154,45.002101898193,Europe/Moscow,EGO,Belgorod International Airport,Belgorod,36.5900993347168,50.643798828125,Europe/Moscow,Arrived,2017-01-10T09:28:00Z,2017-01-10T10:18:00Z,2,84,0,12,96,532200.00,0,226800.00,759000.00,SU9,Sukhoi Superjet-100,3000,85,0,12,97,50.0,50.0,3.0,3.0
136630,PG0480,2017-02-25T09:25:00Z,2017-02-25T10:15:00Z,AAQ,Anapa Vityazevo Airport,Anapa,37.347301483154,45.002101898193,Europe/Moscow,EGO,Belgorod International Airport,Belgorod,36.5900993347168,50.643798828125,Europe/Moscow,Arrived,2017-02-25T09:32:00Z,2017-02-25T10:22:00Z,2,82,0,12,94,519600.00,0,226800.00,746400.00,SU9,Sukhoi Superjet-100,3000,85,0,12,97,50.0,50.0,7.0,7.0
136666,PG0480,2017-02-09T09:25:00Z,2017-02-09T10:15:00Z,AAQ,Anapa Vityazevo Airport,Anapa,37.347301483154,45.002101898193,Europe/Moscow,EGO,Belgorod International Airport,Belgorod,36.5900993347168,50.643798828125,Europe/Moscow,Arrived,2017-02-09T09:26:00Z,2017-02-09T10:16:00Z,2,78,0,9,87,494400.00,0,170100.00,664500.00,SU9,Sukhoi Superjet-100,3000,85,0,12,97,50.0,50.0,1.0,1.0
136669,PG0480,2017-01-17T09:25:00Z,2017-01-17T10:15:00Z,AAQ,Anapa Vityazevo Airport,Anapa,37.347301483154,45.002101898193,Europe/Moscow,EGO,Belgorod International Airport,Belgorod,36.5900993347168,50.643798828125,Europe/Moscow,Arrived,2017-01-17T09:26:00Z,2017-01-17T10:17:00Z,2,83,0,12,95,525900.00,0,226800.00,752700.00,SU9,Sukhoi Superjet-100,3000,85,0,12,97,50.0,51.0,1.0,2.0
136678,PG0480,2017-01-28T09:25:00Z,2017-01-28T10:15:00Z,AAQ,Anapa Vityazevo Airport,Anapa,37.347301483154,45.002101898193,Europe/Moscow,EGO,Belgorod International Airport,Belgorod,36.5900993347168,50.643798828125,Europe/Moscow,Arrived,2017-01-28T09:27:00Z,2017-01-28T10:17:00Z,2,70,0,10,80,442200.00,0,189000.00,631200.00,SU9,Sukhoi Superjet-100,3000,85,0,12,97,50.0,50.0,2.0,2.0
136758,PG0480,2017-01-12T09:25:00Z,2017-01-12T10:15:00Z,AAQ,Anapa Vityazevo Airport,Anapa,37.347301483154,45.002101898193,Europe/Moscow,EGO,Belgorod International Airport,Belgorod,36.5900993347168,50.643798828125,Europe/Moscow,Arrived,2017-01-12T09:26:00Z,2017-01-12T10:15:00Z,2,85,0,12,97,538500.00,0,226800.00,765300.00,SU9,Sukhoi Superjet-100,3000,85,0,12,97,50.0,49.0,1.0,0.0
136815,PG0480,2017-02-19T09:25:00Z,2017-02-19T10:15:00Z,AAQ,Anapa Vityazevo Airport,Anapa,37.347301483154,45.002101898193,Europe/Moscow,EGO,Belgorod International Airport,Belgorod,36.5900993347168,50.643798828125,Europe/Moscow,Arrived,2017-02-19T09:26:00Z,2017-02-19T10:17:00Z,2,85,0,12,97,538500.00,0,226800.00,765300.00,SU9,Sukhoi Superjet-100,3000,85,0,12,97,50.0,51.0,1.0,2.0
136827,PG0480,2017-02-18T09:25:00Z,2017-02-18T10:15:00Z,AAQ,Anapa Vityazevo Airport,Anapa,37.347301483154,45.002101898193,Europe/Moscow,EGO,Belgorod International Airport,Belgorod,36.5900993347168,50.643798828125,Europe/Moscow,Arrived,2017-02-18T09:26:00Z,2017-02-18T10:17:00Z,2,85,0,12,97,538500.00,0,226800.00,765300.00,SU9,Sukhoi Superjet-100,3000,85,0,12,97,50.0,51.0,1.0,2.0
136841,PG0480,2017-02-07T09:25:00Z,2017-02-07T10:15:00Z,AAQ,Anapa Vityazevo Airport,Anapa,37.347301483154,45.002101898193,Europe/Moscow,EGO,Belgorod International Airport,Belgorod,36.5900993347168,50.643798828125,Europe/Moscow,Arrived,2017-02-07T09:25:00Z,2017-02-07T10:16:00Z,2,85,0,12,97,538500.00,0,226800.00,765300.00,SU9,Sukhoi Superjet-100,3000,85,0,12,97,50.0,51.0,0.0,1.0
136855,PG0480,2017-01-11T09:25:00Z,2017-01-11T10:15:00Z,AAQ,Anapa Vityazevo Airport,Anapa,37.347301483154,45.002101898193,Europe/Moscow,EGO,Belgorod International Airport,Belgorod,36.5900993347168,50.643798828125,Europe/Moscow,Arrived,2017-01-11T12:07:00Z,2017-01-11T12:57:00Z,2,75,0,12,87,475500.00,0,226800.00,702300.00,SU9,Sukhoi Superjet-100,3000,85,0,12,97,50.0,50.0,162.0,162.0
136857,PG0480,2017-02-13T09:25:00Z,2017-02-13T10:15:00Z,AAQ,Anapa Vityazevo Airport,Anapa,37.347301483154,45.002101898193,Europe/Moscow,EGO,Belgorod International Airport,Belgorod,36.5900993347168,50.643798828125,Europe/Moscow,Arrived,2017-02-13T09:31:00Z,2017-02-13T10:21:00Z,2,85,0,12,97,538500.00,0,226800.00,765300.00,SU9,Sukhoi Superjet-100,3000,85,0,12,97,50.0,50.0,6.0,6.0
136861,PG0480,2017-02-12T09:25:00Z,2017-02-12T10:15:00Z,AAQ,Anapa Vityazevo Airport,Anapa,37.347301483154,45.002101898193,Europe/Moscow,EGO,Belgorod International Airport,Belgorod,36.5900993347168,50.643798828125,Europe/Moscow,Arrived,2017-02-12T09:28:00Z,2017-02-12T10:17:00Z,2,76,0,11,87,481200.00,0,207900.00,689100.00,SU9,Sukhoi Superjet-100,3000,85,0,12,97,50.0,49.0,3.0,2.0
